{
  "timestamp": "2026-01-14T03:03:33Z",
  "benchmarks": {
    "e2e_medium": {
      "mean_ms": 0.5348017457290553,
      "stddev_ms": 0.2653135813193342,
      "min_ms": 0.4067080153618008,
      "max_ms": 2.1779999951831996,
      "iterations": 500,
      "ops_per_sec": 1869.8517871080896
    },
    "e2e_complex": {
      "mean_ms": 0.7819929602555931,
      "stddev_ms": 0.04639295573190448,
      "min_ms": 0.7439589826390147,
      "max_ms": 1.1729999969247729,
      "iterations": 500,
      "ops_per_sec": 1278.7838904242203
    },
    "render_medium": {
      "mean_ms": 0.06239624400041066,
      "stddev_ms": 0.006454284015677108,
      "min_ms": 0.058542005717754364,
      "max_ms": 0.1561660028528422,
      "iterations": 1000,
      "ops_per_sec": 16026.605703917347
    },
    "render_complex": {
      "mean_ms": 0.08420986702549271,
      "stddev_ms": 0.006402791217326926,
      "min_ms": 0.0786669843364507,
      "max_ms": 0.14979200204834342,
      "iterations": 1000,
      "ops_per_sec": 11875.092970961132
    }
  },
  "throughput": {
    "pages_per_sec": 2268.7526757091014,
    "total_ms": 44.07708300277591,
    "per_page_ms": 0.4407708300277591
  },
  "gate_passed": true
}