{
  "timestamp": "2026-01-14T02:55:55Z",
  "benchmarks": {
    "e2e_medium": {
      "mean_ms": 0.4463197704171762,
      "stddev_ms": 0.19353055548156034,
      "min_ms": 0.40595800965093076,
      "max_ms": 3.8932499883230776,
      "iterations": 500,
      "ops_per_sec": 2240.5460530356913
    },
    "e2e_complex": {
      "mean_ms": 0.7728357852902263,
      "stddev_ms": 0.030524936937381203,
      "min_ms": 0.7151250028982759,
      "max_ms": 0.9607500105630606,
      "iterations": 500,
      "ops_per_sec": 1293.935942193031
    },
    "render_medium": {
      "mean_ms": 0.06018329193466343,
      "stddev_ms": 0.007023099698610224,
      "min_ms": 0.057541008573025465,
      "max_ms": 0.2266670053359121,
      "iterations": 1000,
      "ops_per_sec": 16615.90730340285
    },
    "render_complex": {
      "mean_ms": 0.08439098490634933,
      "stddev_ms": 0.013462871220246109,
      "min_ms": 0.07804197957739234,
      "max_ms": 0.2945830055978149,
      "iterations": 1000,
      "ops_per_sec": 11849.606935026575
    }
  },
  "throughput": {
    "pages_per_sec": 2278.5120526075357,
    "total_ms": 43.88829099480063,
    "per_page_ms": 0.4388829099480063
  },
  "gate_passed": true
}
