{
  "timestamp": "2025-12-05T20:56:08.265363",
  "python_version": "3.14.0",
  "platform": "darwin",
  "total_pages": 451,
  "regular_pages": 450,
  "generated_pages": 1,
  "total_assets": 110,
  "total_sections": 2,
  "taxonomies_count": 0,
  "build_time_ms": 70019.24300193787,
  "parallel": true,
  "incremental": true,
  "skipped": false,
  "discovery_time_ms": 900.8140563964844,
  "taxonomy_time_ms": 22.897005081176758,
  "rendering_time_ms": 43970.41583061218,
  "assets_time_ms": 1504.9140453338623,
  "postprocess_time_ms": 6281.74901008606,
  "memory_rss_mb": 271.890625,
  "memory_heap_mb": 60.31487846374512,
  "memory_peak_mb": 221.25396251678467
}
