{
  "timestamp": "2025-10-09T14:41:56.811739",
  "python_version": "3.10.2",
  "platform": "darwin",
  "total_pages": 198,
  "regular_pages": 129,
  "generated_pages": 69,
  "total_assets": 44,
  "total_sections": 28,
  "taxonomies_count": 43,
  "build_time_ms": 1656.7857265472412,
  "parallel": true,
  "incremental": false,
  "skipped": false,
  "discovery_time_ms": 91.31813049316406,
  "taxonomy_time_ms": 3.477811813354492,
  "rendering_time_ms": 1111.9160652160645,
  "assets_time_ms": 52.1240234375,
  "postprocess_time_ms": 321.9907283782959,
  "memory_rss_mb": 68.921875,
  "memory_heap_mb": 31.164155960083008,
  "memory_peak_mb": 35.297030448913574
}