{
  "timestamp": "2025-10-09T00:36:35.209179",
  "python_version": "3.10.2",
  "platform": "darwin",
  "total_pages": 198,
  "regular_pages": 129,
  "generated_pages": 69,
  "total_assets": 44,
  "total_sections": 28,
  "taxonomies_count": 43,
  "build_time_ms": 1914.5400524139404,
  "parallel": true,
  "incremental": false,
  "skipped": false,
  "discovery_time_ms": 59.55100059509277,
  "taxonomy_time_ms": 2.780914306640625,
  "rendering_time_ms": 1442.6679611206055,
  "assets_time_ms": 46.810150146484375,
  "postprocess_time_ms": 317.7051544189453,
  "memory_rss_mb": 70.234375,
  "memory_heap_mb": 28.64120578765869,
  "memory_peak_mb": 31.814824104309082
}