{
  "timestamp": "2025-10-12T20:24:36.868264",
  "python_version": "3.12.2",
  "platform": "darwin",
  "total_pages": 304,
  "regular_pages": 278,
  "generated_pages": 26,
  "total_assets": 54,
  "total_sections": 42,
  "taxonomies_count": 90,
  "build_time_ms": 13771.569013595581,
  "parallel": true,
  "incremental": false,
  "skipped": false,
  "discovery_time_ms": 226.7751693725586,
  "taxonomy_time_ms": 2.0890235900878906,
  "rendering_time_ms": 11639.462232589722,
  "assets_time_ms": 172.55091667175293,
  "postprocess_time_ms": 1643.5482501983643,
  "memory_rss_mb": 160.25,
  "memory_heap_mb": 87.66858577728271,
  "memory_peak_mb": 95.0896806716919
}
