{
  "timestamp": "2025-10-10T00:57:14.579171",
  "python_version": "3.10.2",
  "platform": "darwin",
  "total_pages": 249,
  "regular_pages": 178,
  "generated_pages": 71,
  "total_assets": 46,
  "total_sections": 31,
  "taxonomies_count": 43,
  "build_time_ms": 2617.794990539551,
  "parallel": true,
  "incremental": false,
  "skipped": false,
  "discovery_time_ms": 89.70475196838379,
  "taxonomy_time_ms": 4.488945007324219,
  "rendering_time_ms": 2039.6921634674072,
  "assets_time_ms": 52.76322364807129,
  "postprocess_time_ms": 345.6411361694336,
  "memory_rss_mb": 107.3125,
  "memory_heap_mb": 52.60909557342529,
  "memory_peak_mb": 62.31295299530029
}