{
  "timestamp": "2025-10-09T16:49:25.229751",
  "python_version": "3.12.2",
  "platform": "darwin",
  "total_pages": 198,
  "regular_pages": 129,
  "generated_pages": 69,
  "total_assets": 44,
  "total_sections": 28,
  "taxonomies_count": 43,
  "build_time_ms": 6844.073295593262,
  "parallel": true,
  "incremental": true,
  "skipped": false,
  "discovery_time_ms": 138.01813125610352,
  "taxonomy_time_ms": 11.168956756591797,
  "rendering_time_ms": 5829.914808273315,
  "assets_time_ms": 48.87032508850098,
  "postprocess_time_ms": 699.7301578521729,
  "memory_rss_mb": 69.15625,
  "memory_heap_mb": 30.967872619628906,
  "memory_peak_mb": 41.185062408447266
}