{
  "timestamp": "2025-10-05T15:21:47.605939",
  "python_version": "3.10.2",
  "platform": "darwin",
  "total_pages": 192,
  "regular_pages": 125,
  "generated_pages": 67,
  "total_assets": 40,
  "total_sections": 28,
  "taxonomies_count": 40,
  "build_time_ms": 3407.5071811676025,
  "parallel": true,
  "incremental": false,
  "skipped": false,
  "discovery_time_ms": 66.31875038146973,
  "taxonomy_time_ms": 2.583026885986328,
  "rendering_time_ms": 2585.5472087860107,
  "assets_time_ms": 174.12400245666504,
  "postprocess_time_ms": 532.8178405761719,
  "memory_rss_mb": 49.5625,
  "memory_heap_mb": 17.780007362365723,
  "memory_peak_mb": 24.18199062347412
}