{
  "timestamp": "2025-10-08T16:28:49.013256",
  "python_version": "3.10.2",
  "platform": "darwin",
  "total_pages": 193,
  "regular_pages": 126,
  "generated_pages": 67,
  "total_assets": 40,
  "total_sections": 28,
  "taxonomies_count": 40,
  "build_time_ms": 1863.412857055664,
  "parallel": true,
  "incremental": true,
  "skipped": false,
  "discovery_time_ms": 63.77601623535156,
  "taxonomy_time_ms": 2.8030872344970703,
  "rendering_time_ms": 1116.6627407073975,
  "assets_time_ms": 157.60207176208496,
  "postprocess_time_ms": 361.0241413116455,
  "memory_rss_mb": 48.765625,
  "memory_heap_mb": 22.31759262084961,
  "memory_peak_mb": 22.782827377319336
}