{
  "timestamp": "2025-10-05T15:47:12.291571",
  "python_version": "3.10.2",
  "platform": "darwin",
  "total_pages": 192,
  "regular_pages": 125,
  "generated_pages": 67,
  "total_assets": 40,
  "total_sections": 28,
  "taxonomies_count": 40,
  "build_time_ms": 2865.8289909362793,
  "parallel": true,
  "incremental": true,
  "skipped": false,
  "discovery_time_ms": 55.93609809875488,
  "taxonomy_time_ms": 2.5739669799804688,
  "rendering_time_ms": 2319.147825241089,
  "assets_time_ms": 162.8742218017578,
  "postprocess_time_ms": 289.37387466430664,
  "memory_rss_mb": 50.90625,
  "memory_heap_mb": 17.84962272644043,
  "memory_peak_mb": 21.962414741516113
}