{
  "timestamp": "2025-10-16T16:52:03.787162",
  "python_version": "3.12.2",
  "platform": "darwin",
  "total_pages": 419,
  "regular_pages": 290,
  "generated_pages": 129,
  "total_assets": 56,
  "total_sections": 6,
  "taxonomies_count": 90,
  "build_time_ms": 33394.689083099365,
  "parallel": true,
  "incremental": false,
  "skipped": false,
  "discovery_time_ms": 255.05375862121582,
  "taxonomy_time_ms": 37.74285316467285,
  "rendering_time_ms": 18519.744873046875,
  "assets_time_ms": 169.1451072692871,
  "postprocess_time_ms": 2148.1950283050537,
  "memory_rss_mb": 161.296875,
  "memory_heap_mb": 107.4439115524292,
  "memory_peak_mb": 115.18489742279053
}
